{"cameraMode":{"drawMode":0,"name":"Shaded","section":"Shading Mode"},"sceneLighting":true,"audioPlay":false,"sceneViewState":{"m_AlwaysRefresh":false,"showFog":true,"showSkybox":true,"showFlares":true,"showImageEffects":true,"showParticleSystems":true,"showVisualEffectGraphs":true,"m_FxEnabled":false},"in2DMode":false,"pivot":{"x":110.85212707519531,"y":6.999998092651367,"z":-3.2564644813537599},"rotation":{"x":-0.14302238821983338,"y":0.13640211522579194,"z":-0.019869178533554078,"w":-0.980096697807312},"size":21.56471061706543,"orthographic":false}