{"cameraMode":{"drawMode":0,"name":"Shaded","section":"Shading Mode"},"sceneLighting":true,"audioPlay":false,"sceneViewState":{"m_AlwaysRefresh":false,"showFog":true,"showSkybox":true,"showFlares":true,"showImageEffects":true,"showParticleSystems":true,"showVisualEffectGraphs":true,"m_FxEnabled":false},"in2DMode":false,"pivot":{"x":123.18717956542969,"y":18.761634826660158,"z":-13.503817558288575},"rotation":{"x":-0.36376360058784487,"y":0.3034953474998474,"z":-0.1266554594039917,"w":-0.8715277910232544},"size":2.0275204181671144,"orthographic":false}