{"cameraMode":{"drawMode":0,"name":"Shaded","section":"Shading Mode"},"sceneLighting":true,"audioPlay":false,"sceneViewState":{"m_AlwaysRefresh":false,"showFog":true,"showSkybox":true,"showFlares":true,"showImageEffects":true,"showParticleSystems":true,"showVisualEffectGraphs":true,"m_FxEnabled":false},"in2DMode":false,"pivot":{"x":-102.04434204101563,"y":23.662418365478517,"z":-75.50801849365235},"rotation":{"x":0.03064851090312004,"y":0.8334084153175354,"z":-0.04660605266690254,"w":0.5501295924186707},"size":1.4619839191436768,"orthographic":false}